Timestamp,URL,Status,ResponseTime
2026-08-11 16:22:27,https://github.com,✅ Up,0.08
2026-08-11 16:22:27,https://google.com,✅ Up,0.11
2026-08-12 02:25:59,https://github.com,✅ Up,0.07
2026-08-12 02:25:59,https://google.com,✅ Up,0.15
2026-08-13 02:27:10,https://github.com,✅ Up,0.18
2026-08-13 02:27:10,https://google.com,✅ Up,0.23
2026-08-14 02:26:02,https://github.com,✅ Up,0.35
2026-08-14 02:26:02,https://google.com,✅ Up,0.16
2026-08-15 01:36:59,https://github.com,✅ Up,0.35
2026-08-15 01:36:59,https://google.com,✅ Up,0.15
2026-08-16 01:44:06,https://github.com,✅ Up,0.13
2026-08-16 01:44:06,https://google.com,✅ Up,0.17
2026-08-17 01:41:32,https://github.com,✅ Up,0.12
2026-08-17 01:41:32,https://google.com,✅ Up,0.16
2026-08-18 01:36:51,https://github.com,✅ Up,0.30
2026-08-18 01:36:51,https://google.com,✅ Up,0.20
2026-08-19 01:39:03,https://github.com,✅ Up,0.17
2026-08-19 01:39:03,https://google.com,✅ Up,0.27
2026-08-20 01:37:59,https://github.com,✅ Up,0.04
2026-08-20 01:37:59,https://google.com,✅ Up,0.09
2026-08-21 01:42:39,https://github.com,✅ Up,0.14
2026-08-21 01:42:39,https://google.com,✅ Up,0.19
2026-08-22 01:36:34,https://github.com,✅ Up,0.06
2026-08-22 01:36:34,https://google.com,✅ Up,0.13
2026-08-23 01:45:49,https://github.com,✅ Up,0.04
2026-08-23 01:45:49,https://google.com,✅ Up,0.11
2026-08-24 01:43:21,https://github.com,✅ Up,0.15
2026-08-24 01:43:21,https://google.com,✅ Up,0.16
2026-08-25 01:38:16,https://github.com,✅ Up,0.04
2026-08-25 01:38:16,https://google.com,✅ Up,0.10
2026-08-26 01:43:18,https://github.com,✅ Up,0.33
2026-08-26 01:43:18,https://google.com,✅ Up,0.56
2026-08-27 08:41:53,https://github.com,✅ Up,0.17
2026-08-27 08:41:53,https://google.com,✅ Up,0.23
2026-08-28 10:54:22,https://github.com,✅ Up,0.17
2026-08-28 10:54:22,https://google.com,✅ Up,0.26
2026-08-29 06:41:01,https://github.com,✅ Up,0.31
2026-08-29 06:41:01,https://google.com,✅ Up,0.23
2026-08-30 04:53:48,https://github.com,✅ Up,0.06
2026-08-30 04:53:48,https://google.com,✅ Up,0.13
2026-08-31 04:57:55,https://github.com,✅ Up,0.33
2026-08-31 04:57:55,https://google.com,✅ Up,0.15
2026-09-01 04:36:49,https://github.com,✅ Up,0.04
2026-09-01 04:36:49,https://google.com,✅ Up,0.11
2026-09-02 03:59:14,https://github.com,✅ Up,0.05
2026-09-02 03:59:14,https://google.com,✅ Up,0.11
2026-09-03 03:58:22,https://github.com,✅ Up,0.13
2026-09-03 03:58:22,https://google.com,✅ Up,0.16
2026-09-04 03:59:54,https://github.com,✅ Up,0.15
2026-09-04 03:59:54,https://google.com,✅ Up,0.13
2026-09-05 03:57:00,https://github.com,✅ Up,0.33
2026-09-05 03:57:00,https://google.com,✅ Up,0.17
2026-09-06 04:03:15,https://github.com,✅ Up,0.12
2026-09-06 04:03:15,https://google.com,✅ Up,0.13
2026-09-07 04:02:42,https://github.com,✅ Up,0.04
2026-09-07 04:02:42,https://google.com,✅ Up,0.10
2026-09-08 04:04:19,https://github.com,✅ Up,0.18
2026-09-08 04:04:19,https://google.com,✅ Up,0.26
2026-09-09 04:11:13,https://github.com,✅ Up,0.05
2026-09-09 04:11:13,https://google.com,✅ Up,0.11
2026-09-10 04:08:29,https://github.com,✅ Up,0.12
2026-09-10 04:08:29,https://google.com,✅ Up,0.16
2026-09-11 04:07:08,https://github.com,✅ Up,0.04
2026-09-11 04:07:08,https://google.com,✅ Up,0.10
